DateOrdered,DateReceived,Items,Cost
2022-03-01 00:00:00, ['lamb'], 3190, 2022-03-04 00:00:00
2022-03-02 00:00:00, ['lamb', 'falafel', 'hummus'], 5070, 2022-03-05 00:00:00
2022-03-03 00:00:00, ['chicken', 'lamb', 'beef', 'pork'], 11360, 2022-03-06 00:00:00
2022-03-04 00:00:00, ['lamb', 'pitaChips', 'hummus'], 3905, 2022-03-07 00:00:00
2022-03-05 00:00:00, ['lamb', 'falafel', 'couscous', 'smallTomatoes', 'pickledOnions', 'cucumbers', 'peppers', 'redCabbageSlaw', 'spicyHummus', 'jalapenoFeta', 'tzatziki', 'greekVinaigrette', 'yogurtDill'], 8460, 2022-03-08 00:00:00
2022-03-07 00:00:00, ['chicken', 'lamb', 'beef', 'pork', 'onions', 'bigTomatoes', 'vegetableMedley', 'olives', 'cauliflower', 'hummus', 'harrisaYogurt'], 14395, 2022-03-10 00:00:00
2022-03-08 00:00:00, ['shreddedLettuce', 'spinach', 'lamb'], 3690, 2022-03-11 00:00:00
2022-03-09 00:00:00, ['lamb', 'falafel', 'beef', 'pitaChips', 'hummus'], 8635, 2022-03-12 00:00:00
2022-03-10 00:00:00, ['chicken', 'lamb', 'pork'], 8070, 2022-03-13 00:00:00
2022-03-11 00:00:00, ['lamb', 'falafel', 'couscous', 'cucumbers', 'peppers', 'redCabbageSlaw', 'hummus', 'spicyHummus', 'jalapenoFeta', 'tzatziki', 'greekVinaigrette', 'harrisaYogurt', 'yogurtDill'], 8030, 2022-03-14 00:00:00
2022-03-12 00:00:00, ['lamb', 'beef', 'bigTomatoes', 'smallTomatoes', 'vegetableMedley', 'olives', 'pickledOnions', 'cauliflower'], 9770, 2022-03-15 00:00:00
2022-03-14 00:00:00, ['chicken', 'lamb', 'pork', 'onions', 'pitaChips', 'hummus'], 9755, 2022-03-17 00:00:00
2022-03-15 00:00:00, ['lamb', 'falafel', 'beef'], 7290, 2022-03-18 00:00:00
2022-03-16 00:00:00, ['shreddedLettuce', 'spinach', 'lamb', 'hummus', 'greekVinaigrette'], 3950, 2022-03-19 00:00:00
2022-03-17 00:00:00, ['chicken', 'lamb', 'pork', 'couscous', 'pitaChips', 'cucumbers', 'peppers', 'redCabbageSlaw', 'spicyHummus', 'jalapenoFeta', 'tzatziki', 'harrisaYogurt'], 12155, 2022-03-20 00:00:00
2022-03-18 00:00:00, ['lamb', 'falafel', 'beef', 'bigTomatoes', 'olives', 'pickledOnions', 'cauliflower', 'hummus', 'yogurtDill'], 10085, 2022-03-21 00:00:00
2022-03-19 00:00:00, ['lamb', 'pork', 'onions', 'smallTomatoes', 'vegetableMedley', 'bowls', 'bowlLids', 'utensilPacks'], 8260, 2022-03-22 00:00:00
2022-03-21 00:00:00, ['chicken', 'lamb', 'beef', 'hummus'], 7980, 2022-03-24 00:00:00
2022-03-22 00:00:00, ['lamb', 'falafel', 'pitaChips', 'tzatziki', 'greekVinaigrette'], 6095, 2022-03-25 00:00:00
2022-03-23 00:00:00, ['spinach', 'lamb', 'pork', 'couscous', 'cucumbers', 'peppers', 'redCabbageSlaw', 'hummus', 'spicyHummus', 'jalapenoFeta', 'harrisaYogurt', 'yogurtDill'], 10830, 2022-03-26 00:00:00
2022-03-24 00:00:00, ['shreddedLettuce', 'chicken', 'lamb', 'falafel', 'beef', 'olives', 'pickledOnions', 'cauliflower'], 10420, 2022-03-27 00:00:00
2022-03-25 00:00:00, ['lamb', 'bigTomatoes', 'pitaChips', 'vegetableMedley', 'hummus', 'straws', 'cupLids'], 5195, 2022-03-28 00:00:00
2022-03-26 00:00:00, ['lamb', 'beef', 'pork', 'onions', 'smallTomatoes', 'tzatziki'], 11280, 2022-03-29 00:00:00
2022-03-28 00:00:00, ['chicken', 'lamb', 'falafel', 'hummus', 'jalapenoFeta', 'greekVinaigrette', 'harrisaYogurt', 'yogurtDill'], 7240, 2022-03-31 00:00:00
2022-03-29 00:00:00, ['lamb', 'couscous', 'pitaChips', 'cucumbers', 'peppers', 'redCabbageSlaw', 'spicyHummus'], 5795, 2022-04-01 00:00:00
2022-03-30 00:00:00, ['lamb', 'falafel', 'beef', 'pork', 'olives', 'hummus'], 12785, 2022-04-02 00:00:00
2022-03-31 00:00:00, ['spinach', 'brownRice', 'chicken', 'lamb', 'vegetableMedley', 'pickledOnions', 'cauliflower', 'tzatziki'], 7380, 2022-04-03 00:00:00
2022-04-01 00:00:00, ['shreddedLettuce', 'whiteRice', 'lamb', 'beef', 'pork', 'onions', 'bigTomatoes', 'smallTomatoes', 'hummus', 'harrisaYogurt'], 11910, 2022-04-04 00:00:00
2022-04-02 00:00:00, ['lamb', 'falafel', 'pitaChips', 'jalapenoFeta', 'greekVinaigrette', 'yogurtDill'], 6185, 2022-04-05 00:00:00
2022-04-04 00:00:00, ['chicken', 'lamb', 'couscous', 'cucumbers', 'peppers', 'redCabbageSlaw', 'hummus', 'spicyHummus'], 6505, 2022-04-07 00:00:00
2022-04-05 00:00:00, ['lamb', 'beef', 'pork'], 11310, 2022-04-08 00:00:00
2022-04-06 00:00:00, ['lamb', 'falafel', 'pitaChips', 'vegetableMedley', 'olives', 'pickledOnions', 'cauliflower', 'hummus', 'tzatziki', 'harrisaYogurt'], 7785, 2022-04-09 00:00:00
2022-04-07 00:00:00, ['chicken', 'lamb', 'beef', 'pork', 'bigTomatoes'], 10830, 2022-04-10 00:00:00
2022-04-08 00:00:00, ['spinach', 'lamb', 'onions', 'smallTomatoes', 'hummus', 'jalapenoFeta', 'greekVinaigrette', 'yogurtDill', 'bowls', 'bowlLids', 'utensilPacks'], 6045, 2022-04-11 00:00:00
2022-04-09 00:00:00, ['shreddedLettuce', 'lamb', 'falafel', 'pork', 'cucumbers', 'peppers', 'redCabbageSlaw', 'spicyHummus'], 9455, 2022-04-12 00:00:00
2022-04-11 00:00:00, ['chicken', 'lamb', 'beef', 'couscous', 'pitaChips', 'hummus', 'tzatziki', 'harrisaYogurt'], 10180, 2022-04-14 00:00:00
2022-04-12 00:00:00, ['lamb', 'vegetableMedley', 'olives', 'pickledOnions', 'cauliflower'], 4580, 2022-04-15 00:00:00
2022-04-13 00:00:00, ['lamb', 'falafel', 'pork', 'bigTomatoes', 'hummus', 'greekVinaigrette'], 9625, 2022-04-16 00:00:00
2022-04-14 00:00:00, ['chicken', 'lamb', 'beef', 'onions', 'smallTomatoes', 'spicyHummus', 'jalapenoFeta', 'yogurtDill'], 9860, 2022-04-17 00:00:00
2022-04-15 00:00:00, ['lamb', 'pitaChips', 'cucumbers', 'redCabbageSlaw', 'hummus', 'tzatziki', 'harrisaYogurt'], 5310, 2022-04-18 00:00:00
2022-04-16 00:00:00, ['spinach', 'lamb', 'falafel', 'pork', 'couscous', 'peppers'], 10345, 2022-04-19 00:00:00
2022-04-18 00:00:00, ['shreddedLettuce', 'chicken', 'lamb', 'beef', 'vegetableMedley', 'pickledOnions', 'cauliflower', 'hummus'], 9845, 2022-04-21 00:00:00
2022-04-19 00:00:00, ['lamb', 'bigTomatoes', 'olives', 'greekVinaigrette', 'yogurtDill'], 4910, 2022-04-22 00:00:00
2022-04-20 00:00:00, ['chicken', 'lamb', 'falafel', 'beef', 'pork', 'smallTomatoes', 'pitaChips', 'hummus', 'spicyHummus', 'jalapenoFeta'], 13995, 2022-04-23 00:00:00
2022-04-21 00:00:00, ['lamb', 'onions', 'cucumbers', 'redCabbageSlaw', 'tzatziki', 'harrisaYogurt', 'cupDrink', 'cupWater', 'straws', 'cupLids'], 6070, 2022-04-24 00:00:00
2022-04-22 00:00:00, ['chicken', 'lamb', 'couscous', 'peppers', 'hummus'], 5620, 2022-04-25 00:00:00
2022-04-23 00:00:00, ['lamb', 'falafel', 'beef', 'pork', 'pickledOnions', 'cauliflower', 'yogurtDill', 'tahini'], 13395, 2022-04-26 00:00:00
2022-04-25 00:00:00, ['spinach', 'lamb', 'bigTomatoes', 'pitaChips', 'vegetableMedley', 'olives', 'hummus', 'greekVinaigrette'], 6330, 2022-04-28 00:00:00
2022-04-26 00:00:00, ['shreddedLettuce', 'chicken', 'lamb', 'pork', 'smallTomatoes', 'spicyHummus', 'jalapenoFeta', 'tzatziki'], 9130, 2022-04-29 00:00:00
2022-04-27 00:00:00, ['lamb', 'falafel', 'beef', 'onions', 'cucumbers', 'hummus', 'harrisaYogurt', 'bowls', 'bowlLids', 'utensilPacks'], 9960, 2022-04-30 00:00:00
2022-04-28 00:00:00, ['lamb', 'peppers', 'redCabbageSlaw'], 4320, 2022-05-01 00:00:00
2022-04-29 00:00:00, ['chicken', 'lamb', 'pork', 'couscous', 'pitaChips', 'cauliflower', 'hummus', 'yogurtDill'], 9990, 2022-05-02 00:00:00
2022-04-30 00:00:00, ['lamb', 'falafel', 'beef', 'bigTomatoes', 'vegetableMedley', 'pickledOnions', 'jalapenoFeta', 'greekVinaigrette'], 10495, 2022-05-03 00:00:00
2022-05-02 00:00:00, ['spinach', 'brownRice', 'chicken', 'lamb', 'smallTomatoes', 'olives', 'hummus', 'spicyHummus', 'tzatziki'], 7035, 2022-05-05 00:00:00
2022-05-03 00:00:00, ['shreddedLettuce', 'whiteRice', 'pork', 'cucumbers', 'harrisaYogurt'], 5350, 2022-05-06 00:00:00
2022-05-04 00:00:00, ['lamb', 'falafel', 'beef', 'onions', 'pitaChips', 'redCabbageSlaw', 'hummus', 'yogurtDill'], 12780, 2022-05-07 00:00:00
2022-05-05 00:00:00, ['chicken', 'lamb', 'cauliflower', 'peppers', 'greekVinaigrette'], 6200, 2022-05-08 00:00:00
2022-05-06 00:00:00, ['lamb', 'beef', 'pork', 'couscous', 'bigTomatoes', 'pickledOnions', 'hummus', 'jalapenoFeta', 'tzatziki'], 12255, 2022-05-09 00:00:00
2022-05-07 00:00:00, ['chicken', 'lamb', 'falafel', 'smallTomatoes', 'pitaChips', 'vegetableMedley', 'olives', 'spicyHummus', 'harrisaYogurt'], 7655, 2022-05-10 00:00:00
2022-05-09 00:00:00, ['lamb', 'hummus'], 3730, 2022-05-12 00:00:00
2022-05-10 00:00:00, ['spinach', 'lamb', 'falafel', 'beef', 'pork', 'onions', 'cucumbers', 'redCabbageSlaw', 'yogurtDill'], 13560, 2022-05-13 00:00:00
2022-05-11 00:00:00, ['shreddedLettuce', 'chicken', 'lamb', 'peppers', 'hummus', 'tzatziki', 'greekVinaigrette'], 5965, 2022-05-14 00:00:00
2022-05-12 00:00:00, ['lamb', 'falafel', 'pitaChips', 'pickledOnions', 'cauliflower', 'jalapenoFeta'], 6075, 2022-05-15 00:00:00
2022-05-13 00:00:00, ['lamb', 'beef', 'pork', 'couscous', 'bigTomatoes', 'smallTomatoes', 'vegetableMedley', 'olives', 'hummus', 'spicyHummus', 'harrisaYogurt'], 13910, 2022-05-16 00:00:00
2022-05-14 00:00:00, ['chicken', 'lamb'], 4780, 2022-05-17 00:00:00
2022-05-16 00:00:00, ['lamb', 'falafel', 'pork', 'onions', 'cucumbers', 'hummus', 'yogurtDill'], 9060, 2022-05-19 00:00:00
2022-05-17 00:00:00, ['spinach', 'lamb', 'beef', 'pitaChips', 'peppers', 'redCabbageSlaw', 'tzatziki', 'greekVinaigrette', 'mtnDewSyrup', 'bowls', 'straws', 'cupLids', 'bowlLids', 'utensilPacks'], 11185, 2022-05-20 00:00:00
2022-05-18 00:00:00, ['chicken', 'lamb', 'pickledOnions', 'cauliflower', 'hummus', 'jalapenoFeta'], 6445, 2022-05-21 00:00:00
2022-05-19 00:00:00, ['shreddedLettuce', 'lamb', 'falafel', 'pork', 'bigTomatoes', 'smallTomatoes', 'olives', 'spicyHummus', 'harrisaYogurt', 'drPepperSyrup'], 11215, 2022-05-22 00:00:00
2022-05-20 00:00:00, ['lamb', 'beef', 'couscous', 'vegetableMedley', 'hummus'], 7535, 2022-05-23 00:00:00
2022-05-21 00:00:00, ['chicken', 'lamb', 'pitaChips', 'tzatziki', 'greekVinaigrette', 'yogurtDill'], 5970, 2022-05-24 00:00:00
2022-05-23 00:00:00, ['lamb', 'falafel', 'pork', 'onions', 'cucumbers', 'peppers', 'redCabbageSlaw', 'hummus', 'pepsiSyrup', 'gatoradeSyrup'], 11165, 2022-05-26 00:00:00
2022-05-24 00:00:00, ['lamb', 'beef', 'cauliflower', 'jalapenoFeta', 'sierraMistSyrup', 'briskSyrup', 'pepsiDietSyrup'], 9450, 2022-05-27 00:00:00
2022-05-25 00:00:00, ['spinach', 'chicken', 'lamb', 'bigTomatoes', 'olives', 'pickledOnions', 'hummus', 'spicyHummus', 'harrisaYogurt', 'pepsiZeroSyrup'], 7495, 2022-05-28 00:00:00
2022-05-26 00:00:00, ['lamb', 'falafel', 'pork', 'smallTomatoes', 'pitaChips', 'vegetableMedley'], 9620, 2022-05-29 00:00:00
2022-05-27 00:00:00, ['shreddedLettuce', 'lamb', 'beef', 'couscous', 'hummus', 'tzatziki', 'greekVinaigrette', 'yogurtDill'], 9265, 2022-05-30 00:00:00
2022-05-28 00:00:00, ['chicken', 'lamb', 'pork', 'cucumbers', 'peppers', 'redCabbageSlaw', 'jalapenoFeta'], 8880, 2022-05-31 00:00:00
2022-05-30 00:00:00, ['lamb', 'falafel', 'onions', 'pitaChips', 'cauliflower', 'hummus', 'spicyHummus'], 6495, 2022-06-02 00:00:00
2022-05-31 00:00:00, ['lamb', 'beef', 'bigTomatoes', 'olives', 'pickledOnions', 'harrisaYogurt'], 8990, 2022-06-03 00:00:00
2022-06-01 00:00:00, ['brownRice', 'chicken', 'lamb', 'pork', 'smallTomatoes', 'vegetableMedley', 'hummus', 'tzatziki'], 10300, 2022-06-04 00:00:00
2022-06-02 00:00:00, ['spinach', 'lamb', 'falafel', 'couscous', 'jalapenoFeta', 'greekVinaigrette', 'yogurtDill'], 5965, 2022-06-05 00:00:00
2022-06-03 00:00:00, ['whiteRice', 'lamb', 'beef', 'pork', 'pitaChips', 'cucumbers', 'peppers', 'hummus'], 11765, 2022-06-06 00:00:00
2022-06-04 00:00:00, ['shreddedLettuce', 'chicken', 'lamb', 'cauliflower', 'redCabbageSlaw', 'spicyHummus'], 6145, 2022-06-07 00:00:00
2022-06-06 00:00:00, ['lamb', 'falafel', 'beef', 'onions', 'pickledOnions', 'hummus', 'harrisaYogurt', 'bowls', 'bowlLids', 'utensilPacks'], 10215, 2022-06-09 00:00:00
2022-06-07 00:00:00, ['pork', 'bigTomatoes', 'smallTomatoes', 'vegetableMedley', 'olives', 'tzatziki'], 5765, 2022-06-10 00:00:00
2022-06-08 00:00:00, ['chicken', 'lamb', 'falafel', 'couscous', 'pitaChips', 'hummus', 'jalapenoFeta', 'greekVinaigrette', 'yogurtDill', 'tahini'], 10280, 2022-06-11 00:00:00
2022-06-09 00:00:00, ['lamb', 'beef', 'pork'], 9570, 2022-06-12 00:00:00
2022-06-10 00:00:00, ['spinach', 'chicken', 'lamb', 'cucumbers', 'peppers', 'redCabbageSlaw', 'hummus', 'spicyHummus'], 6335, 2022-06-13 00:00:00
2022-06-11 00:00:00, ['lamb', 'falafel', 'onions', 'cauliflower', 'tzatziki', 'harrisaYogurt', 'cupDrink', 'cupWater', 'straws', 'cupLids'], 7460, 2022-06-14 00:00:00
2022-06-13 00:00:00, ['shreddedLettuce', 'chicken', 'lamb', 'beef', 'pork', 'bigTomatoes', 'smallTomatoes', 'pitaChips', 'olives', 'pickledOnions', 'hummus', 'jalapenoFeta', 'greekVinaigrette', 'yogurtDill'], 15360, 2022-06-16 00:00:00
2022-06-14 00:00:00, ['lamb', 'couscous', 'vegetableMedley'], 4400, 2022-06-17 00:00:00
2022-06-15 00:00:00, ['chicken', 'falafel', 'hummus'], 2725, 2022-06-18 00:00:00
2022-06-16 00:00:00, ['lamb', 'beef', 'pork', 'peppers', 'redCabbageSlaw', 'spicyHummus', 'harrisaYogurt'], 15260, 2022-06-19 00:00:00
2022-06-17 00:00:00, ['lamb', 'falafel', 'onions', 'pitaChips', 'cucumbers', 'cauliflower', 'hummus', 'tzatziki', 'greekVinaigrette', 'yogurtDill'], 6960, 2022-06-20 00:00:00
2022-06-18 00:00:00, ['spinach', 'chicken', 'lamb', 'bigTomatoes', 'pickledOnions', 'jalapenoFeta'], 5880, 2022-06-21 00:00:00
2022-06-20 00:00:00, ['lamb', 'beef', 'pork', 'couscous', 'smallTomatoes', 'olives', 'hummus'], 12245, 2022-06-23 00:00:00
2022-06-21 00:00:00, ['shreddedLettuce', 'lamb', 'falafel', 'vegetableMedley', 'spicyHummus'], 5780, 2022-06-24 00:00:00
2022-06-22 00:00:00, ['chicken', 'lamb', 'pitaChips', 'redCabbageSlaw', 'hummus', 'tzatziki', 'greekVinaigrette', 'harrisaYogurt', 'yogurtDill'], 6985, 2022-06-25 00:00:00
2022-06-23 00:00:00, ['lamb', 'beef', 'pork', 'cucumbers', 'peppers'], 11900, 2022-06-26 00:00:00
2022-06-24 00:00:00, ['lamb', 'falafel', 'onions', 'bigTomatoes', 'pickledOnions', 'cauliflower', 'hummus', 'jalapenoFeta', 'bowls', 'bowlLids', 'utensilPacks'], 7660, 2022-06-27 00:00:00
2022-06-25 00:00:00, ['chicken', 'lamb', 'smallTomatoes', 'olives'], 5990, 2022-06-28 00:00:00
2022-06-27 00:00:00, ['spinach', 'lamb', 'beef', 'pork', 'couscous', 'pitaChips', 'vegetableMedley', 'hummus', 'spicyHummus', 'tzatziki', 'harrisaYogurt'], 13175, 2022-06-30 00:00:00
2022-06-28 00:00:00, ['shreddedLettuce', 'lamb', 'falafel', 'redCabbageSlaw', 'greekVinaigrette', 'yogurtDill'], 5955, 2022-07-01 00:00:00
2022-06-29 00:00:00, ['chicken', 'lamb', 'cucumbers', 'peppers', 'hummus'], 5820, 2022-07-02 00:00:00
2022-06-30 00:00:00, ['lamb', 'beef', 'pork', 'onions', 'pitaChips', 'pickledOnions', 'jalapenoFeta'], 12270, 2022-07-03 00:00:00
2022-07-01 00:00:00, ['lamb', 'falafel', 'bigTomatoes', 'smallTomatoes', 'olives', 'cauliflower', 'hummus', 'tzatziki'], 7150, 2022-07-04 00:00:00
2022-07-02 00:00:00, ['brownRice', 'chicken', 'lamb', 'couscous', 'vegetableMedley', 'spicyHummus', 'greekVinaigrette', 'harrisaYogurt', 'yogurtDill'], 6805, 2022-07-05 00:00:00
2022-07-04 00:00:00, ['lamb', 'falafel', 'beef', 'pork', 'redCabbageSlaw', 'hummus'], 11975, 2022-07-07 00:00:00
2022-07-05 00:00:00, ['spinach', 'whiteRice', 'lamb', 'pitaChips', 'cucumbers', 'peppers', 'jalapenoFeta'], 5310, 2022-07-08 00:00:00
2022-07-06 00:00:00, ['shreddedLettuce', 'chicken', 'lamb', 'onions', 'pickledOnions', 'hummus'], 6195, 2022-07-09 00:00:00
2022-07-07 00:00:00, ['lamb', 'falafel', 'beef', 'pork', 'bigTomatoes', 'smallTomatoes', 'tzatziki', 'yogurtDill', 'straws', 'cupLids'], 14650, 2022-07-10 00:00:00
2022-07-08 00:00:00, ['lamb', 'couscous', 'vegetableMedley', 'olives', 'cauliflower', 'hummus', 'spicyHummus', 'greekVinaigrette', 'harrisaYogurt'], 6085, 2022-07-11 00:00:00
2022-07-09 00:00:00, ['chicken', 'lamb', 'beef', 'pitaChips'], 8700, 2022-07-12 00:00:00
2022-07-11 00:00:00, ['lamb', 'falafel', 'pork', 'cucumbers', 'peppers', 'redCabbageSlaw', 'hummus', 'jalapenoFeta'], 10530, 2022-07-14 00:00:00
2022-07-12 00:00:00, ['lamb', 'onions', 'pickledOnions'], 3990, 2022-07-15 00:00:00
2022-07-13 00:00:00, ['spinach', 'chicken', 'lamb', 'falafel', 'beef', 'bigTomatoes', 'smallTomatoes', 'hummus', 'tzatziki', 'greekVinaigrette', 'yogurtDill'], 11575, 2022-07-16 00:00:00
2022-07-14 00:00:00, ['shreddedLettuce', 'lamb', 'pork', 'couscous', 'pitaChips', 'vegetableMedley', 'cauliflower', 'spicyHummus', 'harrisaYogurt', 'bowls', 'bowlLids', 'utensilPacks'], 10370, 2022-07-17 00:00:00
2022-07-15 00:00:00, ['lamb', 'beef', 'olives', 'hummus', 'jalapenoFeta'], 7080, 2022-07-18 00:00:00
2022-07-16 00:00:00, ['chicken', 'lamb', 'falafel', 'onions'], 6870, 2022-07-19 00:00:00
2022-07-18 00:00:00, ['lamb', 'pork', 'pitaChips', 'pickledOnions', 'cucumbers', 'peppers', 'redCabbageSlaw', 'hummus', 'greekVinaigrette'], 9670, 2022-07-21 00:00:00
2022-07-19 00:00:00, ['lamb', 'beef', 'bigTomatoes', 'smallTomatoes', 'spicyHummus', 'tzatziki', 'yogurtDill'], 9155, 2022-07-22 00:00:00
2022-07-20 00:00:00, ['chicken', 'lamb', 'falafel', 'pork', 'vegetableMedley', 'cauliflower', 'hummus', 'jalapenoFeta', 'harrisaYogurt'], 10995, 2022-07-23 00:00:00
2022-07-21 00:00:00, ['spinach', 'lamb', 'couscous', 'olives'], 4320, 2022-07-24 00:00:00
2022-07-22 00:00:00, ['shreddedLettuce', 'chicken', 'lamb', 'beef', 'onions', 'pitaChips', 'hummus', 'greekVinaigrette'], 9955, 2022-07-25 00:00:00
2022-07-23 00:00:00, ['lamb', 'falafel', 'pork', 'pickledOnions', 'cucumbers', 'peppers', 'redCabbageSlaw', 'tzatziki'], 10000, 2022-07-26 00:00:00
2022-07-25 00:00:00, ['lamb', 'bigTomatoes', 'smallTomatoes', 'hummus', 'spicyHummus', 'harrisaYogurt', 'yogurtDill'], 5380, 2022-07-28 00:00:00
2022-07-26 00:00:00, ['chicken', 'lamb', 'beef', 'pitaChips', 'vegetableMedley', 'jalapenoFeta'], 9335, 2022-07-29 00:00:00
2022-07-27 00:00:00, ['lamb', 'falafel', 'pork', 'couscous', 'olives', 'cauliflower', 'hummus'], 9885, 2022-07-30 00:00:00
2022-07-28 00:00:00, ['spinach', 'chicken', 'lamb', 'onions', 'tzatziki', 'greekVinaigrette'], 5655, 2022-07-31 00:00:00
2022-07-29 00:00:00, ['lamb', 'beef', 'pickledOnions', 'cucumbers', 'peppers', 'redCabbageSlaw', 'hummus', 'spicyHummus', 'yogurtDill'], 9940, 2022-08-01 00:00:00
2022-07-30 00:00:00, ['shreddedLettuce', 'lamb', 'falafel', 'pork', 'bigTomatoes', 'smallTomatoes', 'pitaChips', 'jalapenoFeta', 'harrisaYogurt', 'tahini'], 10770, 2022-08-02 00:00:00
2022-08-01 00:00:00, ['chicken', 'lamb', 'beef', 'vegetableMedley', 'hummus'], 8090, 2022-08-04 00:00:00
2022-08-02 00:00:00, ['lamb', 'falafel', 'couscous', 'olives', 'cauliflower', 'cupWater'], 6250, 2022-08-05 00:00:00
2022-08-03 00:00:00, ['brownRice', 'lamb', 'pork', 'onions', 'hummus', 'tzatziki', 'greekVinaigrette', 'cupDrink', 'bowls', 'straws', 'cupLids', 'bowlLids', 'utensilPacks'], 9975, 2022-08-06 00:00:00
2022-08-04 00:00:00, ['whiteRice', 'chicken', 'lamb', 'beef', 'pitaChips', 'pickledOnions', 'cucumbers', 'redCabbageSlaw', 'spicyHummus', 'jalapenoFeta', 'harrisaYogurt', 'yogurtDill'], 11605, 2022-08-07 00:00:00
2022-08-05 00:00:00, ['spinach', 'lamb', 'falafel', 'pork', 'smallTomatoes', 'peppers', 'hummus'], 9350, 2022-08-08 00:00:00
2022-08-06 00:00:00, ['lamb', 'bigTomatoes', 'vegetableMedley', 'drPepperSyrup'], 4530, 2022-08-09 00:00:00
2022-08-08 00:00:00, ['shreddedLettuce', 'chicken', 'lamb', 'beef', 'couscous', 'cauliflower', 'hummus', 'tzatziki', 'greekVinaigrette'], 9945, 2022-08-11 00:00:00
2022-08-09 00:00:00, ['falafel', 'pork', 'onions', 'pitaChips', 'olives'], 6490, 2022-08-12 00:00:00
2022-08-10 00:00:00, ['chicken', 'lamb', 'cucumbers', 'hummus', 'spicyHummus', 'jalapenoFeta', 'harrisaYogurt', 'yogurtDill'], 8890, 2022-08-13 00:00:00
2022-08-11 00:00:00, ['lamb', 'falafel', 'beef', 'pork', 'smallTomatoes', 'pickledOnions', 'peppers', 'redCabbageSlaw', 'briskSyrup', 'gatoradeSyrup', 'mtnDewSyrup'], 13750, 2022-08-14 00:00:00
2022-08-12 00:00:00, ['lamb', 'pitaChips', 'vegetableMedley', 'hummus'], 4630, 2022-08-15 00:00:00
2022-08-13 00:00:00, ['spinach', 'chicken', 'lamb', 'couscous', 'bigTomatoes', 'cauliflower', 'tzatziki', 'greekVinaigrette', 'pepsiZeroSyrup'], 7095, 2022-08-16 00:00:00
2022-08-15 00:00:00, ['lamb', 'falafel', 'beef', 'pork', 'onions', 'hummus', 'spicyHummus', 'yogurtDill', 'pepsiSyrup', 'pepsiDietSyrup'], 14345, 2022-08-18 00:00:00
2022-08-16 00:00:00, ['shreddedLettuce', 'lamb', 'pitaChips', 'olives', 'cucumbers', 'jalapenoFeta', 'harrisaYogurt'], 5545, 2022-08-19 00:00:00
2022-08-17 00:00:00, ['chicken', 'lamb', 'beef', 'pickledOnions', 'peppers', 'redCabbageSlaw', 'hummus'], 9235, 2022-08-20 00:00:00
2022-08-18 00:00:00, ['lamb', 'falafel', 'pork', 'smallTomatoes', 'vegetableMedley', 'tzatziki', 'greekVinaigrette'], 9375, 2022-08-21 00:00:00
2022-08-19 00:00:00, ['lamb', 'beef', 'couscous', 'hummus'], 7055, 2022-08-22 00:00:00
2022-08-20 00:00:00, ['chicken', 'lamb', 'pork', 'bigTomatoes', 'pitaChips', 'cauliflower', 'spicyHummus', 'yogurtDill'], 9450, 2022-08-23 00:00:00
2022-08-22 00:00:00, ['spinach', 'lamb', 'falafel', 'onions', 'olives', 'cucumbers', 'hummus', 'jalapenoFeta', 'harrisaYogurt', 'sierraMistSyrup', 'bowls', 'bowlLids', 'utensilPacks'], 8500, 2022-08-25 00:00:00
2022-08-23 00:00:00, ['shreddedLettuce', 'lamb', 'beef', 'pork', 'pickledOnions', 'peppers', 'redCabbageSlaw', 'tzatziki'], 11850, 2022-08-26 00:00:00
2022-08-24 00:00:00, ['chicken', 'lamb', 'smallTomatoes', 'vegetableMedley', 'hummus', 'greekVinaigrette'], 6130, 2022-08-27 00:00:00
2022-08-25 00:00:00, ['lamb', 'falafel', 'beef', 'pitaChips'], 8550, 2022-08-28 00:00:00
2022-08-26 00:00:00, ['lamb', 'pork', 'couscous', 'cauliflower', 'hummus', 'spicyHummus', 'jalapenoFeta', 'yogurtDill'], 9505, 2022-08-29 00:00:00
2022-08-27 00:00:00, ['chicken', 'lamb', 'bigTomatoes', 'olives', 'cucumbers', 'harrisaYogurt'], 5615, 2022-08-30 00:00:00
2022-08-29 00:00:00, ['lamb', 'falafel', 'beef', 'pork', 'onions', 'pickledOnions', 'peppers', 'hummus', 'tzatziki', 'greekVinaigrette', 'straws', 'cupLids'], 13635, 2022-09-01 00:00:00
2022-08-30 00:00:00, ['spinach', 'lamb', 'smallTomatoes', 'pitaChips', 'vegetableMedley', 'redCabbageSlaw'], 5740, 2022-09-02 00:00:00
2022-08-31 00:00:00, ['shreddedLettuce', 'chicken', 'lamb', 'hummus', 'spicyHummus', 'jalapenoFeta'], 6245, 2022-09-03 00:00:00
2022-09-01 00:00:00, ['lamb', 'falafel', 'beef', 'pork', 'yogurtDill'], 12115, 2022-09-04 00:00:00
2022-09-02 00:00:00, ['lamb', 'couscous', 'olives', 'cucumbers', 'cauliflower', 'hummus', 'tzatziki', 'harrisaYogurt'], 6250, 2022-09-05 00:00:00
2022-09-03 00:00:00, ['brownRice', 'whiteRice', 'chicken', 'lamb', 'falafel', 'beef', 'onions', 'bigTomatoes', 'pitaChips', 'peppers', 'greekVinaigrette'], 10925, 2022-09-06 00:00:00
2022-09-05 00:00:00, ['lamb', 'pork', 'smallTomatoes', 'vegetableMedley', 'pickledOnions', 'redCabbageSlaw', 'hummus', 'spicyHummus'], 10060, 2022-09-08 00:00:00
2022-09-06 00:00:00, ['lamb', 'jalapenoFeta', 'yogurtDill'], 3425, 2022-09-09 00:00:00
2022-09-07 00:00:00, ['spinach', 'chicken', 'lamb', 'falafel', 'beef', 'pork', 'pitaChips', 'hummus', 'harrisaYogurt'], 13885, 2022-09-10 00:00:00
2022-09-08 00:00:00, ['shreddedLettuce', 'lamb', 'couscous', 'olives', 'cucumbers', 'cauliflower', 'tzatziki'], 5670, 2022-09-11 00:00:00
2022-09-09 00:00:00, ['lamb', 'pork', 'onions', 'hummus', 'spicyHummus', 'greekVinaigrette'], 7290, 2022-09-12 00:00:00
2022-09-10 00:00:00, ['chicken', 'lamb', 'falafel', 'beef', 'bigTomatoes', 'smallTomatoes', 'pitaChips', 'vegetableMedley', 'pickledOnions', 'peppers', 'bowls', 'bowlLids', 'utensilPacks'], 13260, 2022-09-13 00:00:00
2022-09-12 00:00:00, ['lamb', 'redCabbageSlaw', 'hummus', 'jalapenoFeta', 'yogurtDill'], 5375, 2022-09-15 00:00:00
2022-09-13 00:00:00, ['lamb', 'falafel', 'pork', 'harrisaYogurt'], 7945, 2022-09-16 00:00:00
2022-09-14 00:00:00, ['chicken', 'lamb', 'beef', 'couscous', 'cucumbers', 'cauliflower', 'hummus', 'spicyHummus', 'tzatziki'], 10600, 2022-09-17 00:00:00
2022-09-15 00:00:00, ['spinach', 'lamb', 'falafel', 'pitaChips', 'olives', 'greekVinaigrette', 'tahini'], 5595, 2022-09-18 00:00:00
2022-09-16 00:00:00, ['shreddedLettuce', 'chicken', 'lamb', 'beef', 'pork', 'onions', 'bigTomatoes', 'smallTomatoes', 'vegetableMedley', 'peppers', 'hummus', 'jalapenoFeta', 'yogurtDill'], 14595, 2022-09-19 00:00:00
2022-09-17 00:00:00, ['lamb', 'pickledOnions'], 3920, 2022-09-20 00:00:00
2022-09-19 00:00:00, ['chicken', 'lamb', 'falafel', 'pitaChips', 'redCabbageSlaw', 'hummus', 'tzatziki', 'harrisaYogurt'], 7180, 2022-09-22 00:00:00
2022-09-20 00:00:00, ['lamb', 'beef', 'pork', 'couscous', 'cucumbers', 'spicyHummus', 'greekVinaigrette'], 12635, 2022-09-23 00:00:00
2022-09-21 00:00:00, ['lamb', 'cauliflower', 'hummus', 'jalapenoFeta'], 4470, 2022-09-24 00:00:00
2022-09-22 00:00:00, ['chicken', 'lamb', 'falafel', 'onions', 'vegetableMedley', 'olives', 'yogurtDill'], 7860, 2022-09-25 00:00:00
2022-09-23 00:00:00, ['spinach', 'lamb', 'beef', 'pork', 'bigTomatoes', 'smallTomatoes', 'pitaChips', 'pickledOnions', 'peppers', 'hummus', 'tzatziki', 'cupDrink', 'cupWater', 'straws', 'cupLids'], 14570, 2022-09-26 00:00:00
2022-09-24 00:00:00, ['shreddedLettuce', 'lamb', 'redCabbageSlaw', 'harrisaYogurt'], 4720, 2022-09-27 00:00:00
2022-09-26 00:00:00, ['chicken', 'lamb', 'falafel', 'couscous', 'cucumbers', 'hummus', 'spicyHummus', 'greekVinaigrette'], 7765, 2022-09-29 00:00:00
2022-09-27 00:00:00, ['lamb', 'beef', 'pork', 'cauliflower', 'jalapenoFeta'], 11140, 2022-09-30 00:00:00
2022-09-28 00:00:00, ['chicken', 'lamb', 'onions', 'pitaChips', 'olives', 'hummus', 'tzatziki', 'yogurtDill'], 6610, 2022-10-01 00:00:00
2022-09-29 00:00:00, ['lamb', 'falafel', 'pork', 'bigTomatoes', 'smallTomatoes', 'vegetableMedley', 'pickledOnions', 'peppers'], 9470, 2022-10-02 00:00:00
2022-09-30 00:00:00, ['spinach', 'lamb', 'beef', 'redCabbageSlaw', 'hummus', 'spicyHummus', 'harrisaYogurt', 'bowls', 'bowlLids', 'utensilPacks'], 8470, 2022-10-03 00:00:00
2022-10-01 00:00:00, ['chicken', 'lamb', 'falafel', 'pork', 'couscous', 'cucumbers', 'jalapenoFeta', 'greekVinaigrette'], 11245, 2022-10-04 00:00:00
2022-10-03 00:00:00, ['shreddedLettuce', 'lamb', 'beef', 'pitaChips', 'cauliflower', 'hummus', 'tzatziki', 'yogurtDill'], 8135, 2022-10-06 00:00:00
2022-10-04 00:00:00, ['whiteRice', 'lamb', 'onions', 'olives'], 4950, 2022-10-07 00:00:00
2022-10-05 00:00:00, ['chicken', 'lamb', 'falafel', 'pork', 'bigTomatoes', 'smallTomatoes', 'vegetableMedley', 'pickledOnions', 'peppers', 'hummus', 'spicyHummus'], 13285, 2022-10-08 00:00:00
2022-10-06 00:00:00, ['brownRice', 'lamb', 'beef', 'pitaChips', 'redCabbageSlaw', 'greekVinaigrette', 'harrisaYogurt'], 8625, 2022-10-09 00:00:00
2022-10-07 00:00:00, ['lamb', 'hummus', 'jalapenoFeta', 'tzatziki'], 4280, 2022-10-10 00:00:00
2022-10-08 00:00:00, ['spinach', 'chicken', 'lamb', 'falafel', 'pork', 'couscous', 'cucumbers', 'cauliflower', 'yogurtDill'], 12035, 2022-10-11 00:00:00
2022-10-10 00:00:00, ['lamb', 'beef', 'onions', 'smallTomatoes', 'olives', 'hummus'], 9040, 2022-10-13 00:00:00
2022-10-11 00:00:00, ['shreddedLettuce', 'lamb', 'pork', 'pitaChips', 'vegetableMedley', 'spicyHummus'], 7810, 2022-10-14 00:00:00
2022-10-12 00:00:00, ['chicken', 'lamb', 'falafel', 'bigTomatoes', 'pickledOnions', 'peppers', 'redCabbageSlaw', 'hummus', 'greekVinaigrette', 'harrisaYogurt'], 9000, 2022-10-15 00:00:00
2022-10-13 00:00:00, ['lamb', 'beef', 'pork', 'jalapenoFeta', 'tzatziki'], 11015, 2022-10-16 00:00:00
2022-10-14 00:00:00, ['lamb', 'falafel', 'couscous', 'cucumbers', 'cauliflower', 'hummus', 'yogurtDill'], 6065, 2022-10-17 00:00:00
2022-10-15 00:00:00, ['chicken', 'lamb', 'beef', 'onions', 'pitaChips', 'olives'], 9290, 2022-10-18 00:00:00
2022-10-17 00:00:00, ['spinach', 'lamb', 'pork', 'smallTomatoes', 'vegetableMedley', 'hummus', 'spicyHummus', 'greekVinaigrette'], 8835, 2022-10-20 00:00:00
2022-10-18 00:00:00, ['lamb', 'falafel', 'bigTomatoes', 'redCabbageSlaw', 'harrisaYogurt'], 5590, 2022-10-21 00:00:00
2022-10-19 00:00:00, ['shreddedLettuce', 'chicken', 'lamb', 'beef', 'pork', 'pickledOnions', 'peppers', 'hummus', 'jalapenoFeta', 'tzatziki', 'bowls', 'straws', 'cupLids', 'bowlLids', 'utensilPacks'], 14370, 2022-10-22 00:00:00
2022-10-20 00:00:00, ['lamb', 'couscous', 'pitaChips', 'cauliflower', 'yogurtDill'], 4470, 2022-10-23 00:00:00
2022-10-21 00:00:00, ['lamb', 'falafel', 'pork', 'onions', 'olives', 'cucumbers', 'hummus', 'spicyHummus', 'greekVinaigrette'], 9645, 2022-10-24 00:00:00
2022-10-22 00:00:00, ['chicken', 'lamb', 'beef', 'vegetableMedley', 'drPepperSyrup'], 9840, 2022-10-25 00:00:00
2022-10-24 00:00:00, ['lamb', 'smallTomatoes', 'redCabbageSlaw', 'hummus', 'harrisaYogurt'], 5225, 2022-10-27 00:00:00
2022-10-25 00:00:00, ['spinach', 'lamb', 'falafel', 'pork', 'bigTomatoes', 'pitaChips', 'pickledOnions', 'peppers', 'jalapenoFeta', 'tzatziki', 'yogurtDill'], 11005, 2022-10-28 00:00:00
2022-10-26 00:00:00, ['shreddedLettuce', 'chicken', 'lamb', 'beef', 'couscous', 'olives', 'cauliflower', 'hummus'], 10035, 2022-10-29 00:00:00
2022-10-27 00:00:00, ['lamb', 'falafel', 'pork', 'onions', 'cucumbers', 'spicyHummus', 'greekVinaigrette'], 9060, 2022-10-30 00:00:00
2022-10-28 00:00:00, ['lamb', 'vegetableMedley', 'hummus'], 4195, 2022-10-31 00:00:00
2022-10-29 00:00:00, ['chicken', 'lamb', 'beef', 'pitaChips', 'jalapenoFeta', 'tzatziki', 'harrisaYogurt'], 9580, 2022-11-01 00:00:00
2022-10-31 00:00:00, ['lamb', 'falafel', 'pork', 'bigTomatoes', 'smallTomatoes', 'pickledOnions', 'peppers', 'redCabbageSlaw', 'hummus', 'yogurtDill'], 11105, 2022-11-03 00:00:00
2022-11-01 00:00:00, ['spinach', 'lamb', 'couscous', 'olives', 'cauliflower', 'spicyHummus', 'briskSyrup', 'gatoradeSyrup'], 6470, 2022-11-04 00:00:00
2022-11-02 00:00:00, ['chicken', 'lamb', 'beef', 'onions', 'cucumbers', 'hummus', 'greekVinaigrette'], 10015, 2022-11-05 00:00:00
2022-11-03 00:00:00, ['shreddedLettuce', 'whiteRice', 'lamb', 'falafel', 'pork', 'pitaChips', 'vegetableMedley', 'harrisaYogurt', 'mtnDewSyrup'], 11295, 2022-11-06 00:00:00
2022-11-04 00:00:00, ['lamb', 'hummus', 'jalapenoFeta', 'tzatziki', 'tahini', 'pepsiSyrup'], 5345, 2022-11-07 00:00:00
2022-11-05 00:00:00, ['brownRice', 'chicken', 'lamb', 'beef', 'pork', 'bigTomatoes', 'smallTomatoes', 'olives', 'pickledOnions', 'peppers', 'yogurtDill', 'pepsiZeroSyrup'], 15965, 2022-11-08 00:00:00
2022-11-07 00:00:00, ['lamb', 'falafel', 'couscous', 'pitaChips', 'cauliflower', 'redCabbageSlaw', 'hummus', 'spicyHummus', 'greekVinaigrette'], 7130, 2022-11-10 00:00:00
2022-11-08 00:00:00, ['chicken', 'lamb', 'onions', 'cucumbers', 'pepsiDietSyrup', 'bowls', 'bowlLids', 'utensilPacks'], 6710, 2022-11-11 00:00:00
2022-11-09 00:00:00, ['spinach', 'lamb', 'beef', 'pork', 'vegetableMedley', 'hummus', 'jalapenoFeta', 'tzatziki', 'harrisaYogurt'], 13100, 2022-11-12 00:00:00
2022-11-10 00:00:00, ['lamb', 'falafel', 'sierraMistSyrup'], 5180, 2022-11-13 00:00:00
2022-11-11 00:00:00, ['shreddedLettuce', 'chicken', 'lamb', 'pork', 'pitaChips', 'olives', 'pickledOnions', 'peppers', 'hummus', 'yogurtDill'], 10200, 2022-11-14 00:00:00
2022-11-12 00:00:00, ['lamb', 'beef', 'couscous', 'bigTomatoes', 'smallTomatoes', 'cauliflower', 'redCabbageSlaw', 'spicyHummus', 'greekVinaigrette', 'cupDrink'], 9820, 2022-11-15 00:00:00
2022-11-14 00:00:00, ['chicken', 'lamb', 'falafel', 'onions', 'cucumbers', 'hummus', 'harrisaYogurt', 'straws', 'cupLids'], 7240, 2022-11-17 00:00:00
2022-11-15 00:00:00, ['lamb', 'pork', 'vegetableMedley', 'jalapenoFeta', 'tzatziki', 'cupWater'], 8955, 2022-11-18 00:00:00
2022-11-16 00:00:00, ['chicken', 'lamb', 'beef', 'pitaChips', 'hummus'], 8980, 2022-11-19 00:00:00
2022-11-17 00:00:00, ['spinach', 'lamb', 'falafel', 'pork', 'olives', 'pickledOnions', 'peppers', 'yogurtDill'], 9725, 2022-11-20 00:00:00
2022-11-18 00:00:00, ['lamb', 'bigTomatoes', 'smallTomatoes', 'cauliflower', 'redCabbageSlaw', 'hummus', 'spicyHummus', 'greekVinaigrette'], 6415, 2022-11-21 00:00:00
2022-11-19 00:00:00, ['shreddedLettuce', 'chicken', 'lamb', 'beef', 'couscous', 'onions', 'pitaChips', 'jalapenoFeta', 'tzatziki', 'harrisaYogurt'], 10475, 2022-11-22 00:00:00
2022-11-21 00:00:00, ['lamb', 'falafel', 'pork', 'vegetableMedley', 'cucumbers', 'hummus'], 9150, 2022-11-24 00:00:00
2022-11-22 00:00:00, ['lamb', 'yogurtDill'], 3730, 2022-11-25 00:00:00
2022-11-23 00:00:00, ['chicken', 'lamb', 'falafel', 'beef', 'pork', 'olives', 'pickledOnions', 'hummus', 'greekVinaigrette'], 13560, 2022-11-26 00:00:00
2022-11-24 00:00:00, ['lamb', 'bigTomatoes', 'pitaChips', 'cauliflower', 'peppers', 'redCabbageSlaw', 'spicyHummus', 'tzatziki'], 6140, 2022-11-27 00:00:00
2022-11-25 00:00:00, ['spinach', 'lamb', 'falafel', 'couscous', 'smallTomatoes', 'hummus', 'jalapenoFeta', 'harrisaYogurt'], 6435, 2022-11-28 00:00:00
2022-11-26 00:00:00, ['shreddedLettuce', 'chicken', 'lamb', 'beef', 'pork', 'onions', 'cucumbers', 'yogurtDill', 'bowls', 'bowlLids', 'utensilPacks'], 14450, 2022-11-29 00:00:00
2022-11-28 00:00:00, ['lamb', 'vegetableMedley', 'hummus'], 4245, 2022-12-01 00:00:00
2022-11-29 00:00:00, ['lamb', 'falafel', 'pitaChips', 'olives', 'pickledOnions', 'tzatziki', 'greekVinaigrette'], 6690, 2022-12-02 00:00:00
2022-11-30 00:00:00, ['chicken', 'lamb', 'beef', 'pork', 'bigTomatoes', 'cauliflower', 'peppers', 'hummus', 'spicyHummus', 'jalapenoFeta'], 14825, 2022-12-03 00:00:00
2022-12-01 00:00:00, ['lamb', 'couscous', 'smallTomatoes', 'redCabbageSlaw', 'harrisaYogurt'], 4415, 2022-12-04 00:00:00
2022-12-02 00:00:00, ['chicken', 'lamb', 'falafel', 'onions', 'cucumbers', 'hummus', 'yogurtDill'], 7195, 2022-12-05 00:00:00
2022-12-03 00:00:00, ['spinach', 'lamb', 'beef', 'pork', 'pitaChips', 'vegetableMedley'], 12505, 2022-12-06 00:00:00
2022-12-05 00:00:00, ['shreddedLettuce', 'whiteRice', 'lamb', 'pickledOnions', 'hummus', 'tzatziki', 'greekVinaigrette'], 5370, 2022-12-08 00:00:00
2022-12-06 00:00:00, ['chicken', 'lamb', 'falafel', 'bigTomatoes', 'olives', 'cauliflower', 'peppers', 'spicyHummus', 'jalapenoFeta'], 7895, 2022-12-09 00:00:00
2022-12-07 00:00:00, ['brownRice', 'lamb', 'beef', 'pork', 'redCabbageSlaw', 'hummus', 'harrisaYogurt', 'yogurtDill'], 12860, 2022-12-10 00:00:00
2022-12-08 00:00:00, ['lamb', 'couscous', 'onions', 'smallTomatoes', 'pitaChips', 'cucumbers'], 5640, 2022-12-11 00:00:00
2022-12-09 00:00:00, ['chicken', 'lamb', 'falafel', 'vegetableMedley', 'hummus'], 7110, 2022-12-12 00:00:00
2022-12-10 00:00:00, ['lamb', 'beef', 'pork', 'jalapenoFeta', 'tzatziki', 'greekVinaigrette', 'straws', 'cupLids'], 11980, 2022-12-13 00:00:00
2022-12-12 00:00:00, ['shreddedLettuce', 'spinach', 'chicken', 'lamb', 'pickledOnions', 'cauliflower', 'peppers', 'hummus', 'spicyHummus'], 7140, 2022-12-15 00:00:00
2022-12-13 00:00:00, ['lamb', 'falafel', 'pork', 'bigTomatoes', 'pitaChips', 'olives', 'redCabbageSlaw', 'harrisaYogurt', 'yogurtDill'], 10115, 2022-12-16 00:00:00
2022-12-14 00:00:00, ['lamb', 'beef', 'couscous', 'onions', 'cucumbers', 'hummus'], 8765, 2022-12-17 00:00:00
2022-12-15 00:00:00, ['chicken', 'lamb', 'smallTomatoes', 'vegetableMedley'], 5330, 2022-12-18 00:00:00
2022-12-16 00:00:00, ['lamb', 'falafel', 'beef', 'pork', 'hummus', 'spicyHummus', 'jalapenoFeta', 'tzatziki', 'greekVinaigrette', 'bowls', 'bowlLids', 'utensilPacks'], 13210, 2022-12-19 00:00:00
2022-12-17 00:00:00, ['lamb', 'pitaChips', 'pickledOnions', 'cauliflower'], 4800, 2022-12-20 00:00:00
2022-12-19 00:00:00, ['shreddedLettuce', 'chicken', 'lamb', 'beef', 'pork', 'bigTomatoes', 'olives', 'peppers', 'redCabbageSlaw', 'hummus', 'harrisaYogurt', 'yogurtDill'], 13160, 2022-12-22 00:00:00
2022-12-20 00:00:00, ['spinach', 'lamb', 'falafel', 'couscous', 'onions', 'cucumbers'], 5980, 2022-12-23 00:00:00
2022-12-21 00:00:00, ['lamb', 'smallTomatoes', 'vegetableMedley', 'hummus', 'spicyHummus', 'tzatziki'], 4765, 2022-12-24 00:00:00
2022-12-22 00:00:00, ['chicken', 'lamb', 'falafel', 'beef', 'pork', 'pitaChips', 'jalapenoFeta', 'greekVinaigrette'], 13995, 2022-12-25 00:00:00
2022-12-23 00:00:00, ['lamb', 'pickledOnions', 'cauliflower', 'hummus', 'harrisaYogurt'], 4540, 2022-12-26 00:00:00
2022-12-24 00:00:00, ['lamb', 'bigTomatoes', 'peppers', 'yogurtDill'], 4845, 2022-12-27 00:00:00
2022-12-26 00:00:00, ['chicken', 'lamb', 'falafel', 'beef', 'pork', 'onions', 'olives', 'redCabbageSlaw', 'hummus', 'spicyHummus'], 16070, 2022-12-29 00:00:00
2022-12-27 00:00:00, ['shreddedLettuce', 'lamb', 'couscous', 'smallTomatoes', 'pitaChips', 'vegetableMedley', 'cucumbers', 'jalapenoFeta', 'tzatziki'], 5810, 2022-12-30 00:00:00
2022-12-28 00:00:00, ['spinach', 'chicken', 'lamb', 'hummus'], 5130, 2022-12-31 00:00:00
2022-12-29 00:00:00, ['lamb', 'falafel', 'beef', 'pork', 'pickledOnions', 'cauliflower', 'greekVinaigrette', 'harrisaYogurt'], 13505, 2023-01-01 00:00:00
2022-12-30 00:00:00, ['lamb', 'peppers', 'hummus', 'yogurtDill', 'tahini'], 4415, 2023-01-02 00:00:00
2022-12-31 00:00:00, ['chicken', 'lamb', 'onions', 'bigTomatoes', 'pitaChips', 'olives', 'redCabbageSlaw', 'spicyHummus', 'jalapenoFeta'], 7410, 2023-01-03 00:00:00
2023-01-02 00:00:00, ['lamb', 'falafel', 'beef', 'pork', 'couscous', 'smallTomatoes', 'vegetableMedley', 'cucumbers', 'hummus', 'tzatziki'], 14550, 2023-01-05 00:00:00
2023-01-03 00:00:00, ['lamb', 'cupDrink'], 3970, 2023-01-06 00:00:00
2023-01-04 00:00:00, ['shreddedLettuce', 'chicken', 'lamb', 'pickledOnions', 'cauliflower', 'hummus', 'greekVinaigrette', 'harrisaYogurt'], 6945, 2023-01-07 00:00:00
2023-01-05 00:00:00, ['spinach', 'whiteRice', 'lamb', 'falafel', 'beef', 'pork', 'pitaChips', 'olives', 'peppers', 'jalapenoFeta', 'yogurtDill', 'bowls', 'straws', 'cupLids', 'bowlLids', 'utensilPacks'], 15260, 2023-01-08 00:00:00
2023-01-06 00:00:00, ['brownRice', 'lamb', 'onions', 'bigTomatoes', 'redCabbageSlaw', 'hummus', 'spicyHummus', 'tzatziki'], 5845, 2023-01-09 00:00:00
2023-01-07 00:00:00, ['chicken', 'lamb', 'beef', 'smallTomatoes', 'vegetableMedley', 'cupWater'], 8490, 2023-01-10 00:00:00
2023-01-09 00:00:00, ['lamb', 'falafel', 'pork', 'couscous', 'pitaChips', 'cucumbers', 'hummus'], 9980, 2023-01-12 00:00:00
2023-01-10 00:00:00, ['chicken', 'lamb', 'cauliflower', 'greekVinaigrette', 'harrisaYogurt', 'yogurtDill'], 5415, 2023-01-13 00:00:00
2023-01-11 00:00:00, ['lamb', 'beef', 'olives', 'pickledOnions', 'peppers', 'hummus', 'jalapenoFeta'], 9130, 2023-01-14 00:00:00
2023-01-12 00:00:00, ['shreddedLettuce', 'lamb', 'falafel', 'pork', 'onions', 'bigTomatoes', 'spicyHummus', 'tzatziki'], 10265, 2023-01-15 00:00:00
2023-01-13 00:00:00, ['spinach', 'chicken', 'lamb', 'pitaChips', 'vegetableMedley', 'redCabbageSlaw', 'hummus', 'drPepperSyrup'], 7010, 2023-01-16 00:00:00
2023-01-14 00:00:00, ['lamb', 'falafel', 'beef', 'pork', 'couscous', 'smallTomatoes', 'cucumbers'], 12140, 2023-01-17 00:00:00
2023-01-16 00:00:00, ['lamb', 'cauliflower', 'hummus', 'greekVinaigrette', 'harrisaYogurt', 'yogurtDill'], 4740, 2023-01-19 00:00:00
2023-01-17 00:00:00, ['chicken', 'lamb', 'beef', 'pickledOnions', 'peppers', 'spicyHummus', 'jalapenoFeta', 'tzatziki'], 9255, 2023-01-20 00:00:00
2023-01-18 00:00:00, ['lamb', 'falafel', 'pork', 'onions', 'bigTomatoes', 'pitaChips', 'olives', 'hummus'], 10105, 2023-01-21 00:00:00
2023-01-19 00:00:00, ['lamb', 'vegetableMedley', 'redCabbageSlaw'], 4280, 2023-01-22 00:00:00
2023-01-20 00:00:00, ['shreddedLettuce', 'chicken', 'lamb', 'beef', 'pork', 'cucumbers', 'hummus', 'greekVinaigrette', 'briskSyrup', 'gatoradeSyrup'], 14545, 2023-01-23 00:00:00
2023-01-21 00:00:00, ['spinach', 'lamb', 'falafel', 'couscous', 'smallTomatoes', 'tzatziki', 'harrisaYogurt', 'yogurtDill'], 6330, 2023-01-24 00:00:00
2023-01-23 00:00:00, ['lamb', 'pork', 'pitaChips', 'pickledOnions', 'cauliflower', 'peppers', 'hummus', 'spicyHummus', 'jalapenoFeta'], 8990, 2023-01-26 00:00:00
2023-01-24 00:00:00, ['chicken', 'lamb', 'beef', 'onions', 'bowls', 'bowlLids', 'utensilPacks'], 9360, 2023-01-27 00:00:00
2023-01-25 00:00:00, ['lamb', 'falafel', 'bigTomatoes', 'vegetableMedley', 'olives', 'redCabbageSlaw', 'hummus', 'pepsiDietSyrup', 'mtnDewSyrup'], 7315, 2023-01-28 00:00:00
2023-01-26 00:00:00, ['lamb', 'beef', 'pork', 'cucumbers', 'greekVinaigrette'], 11130, 2023-01-29 00:00:00
2023-01-27 00:00:00, ['chicken', 'lamb', 'couscous', 'pitaChips', 'hummus', 'jalapenoFeta', 'tzatziki', 'yogurtDill', 'pepsiSyrup'], 6955, 2023-01-30 00:00:00
2023-01-28 00:00:00, ['shreddedLettuce', 'lamb', 'falafel', 'smallTomatoes', 'pickledOnions', 'peppers', 'spicyHummus', 'harrisaYogurt'], 7260, 2023-01-31 00:00:00
2023-01-30 00:00:00, ['spinach', 'lamb', 'beef', 'pork', 'onions', 'cauliflower', 'hummus'], 12185, 2023-02-02 00:00:00
2023-01-31 00:00:00, ['chicken', 'lamb', 'bigTomatoes', 'pitaChips', 'vegetableMedley', 'olives', 'greekVinaigrette', 'sierraMistSyrup', 'straws', 'cupLids'], 7610, 2023-02-03 00:00:00
2023-02-01 00:00:00, ['lamb', 'falafel', 'beef', 'cucumbers', 'redCabbageSlaw', 'hummus', 'tzatziki', 'yogurtDill', 'pepsiZeroSyrup'], 10500, 2023-02-04 00:00:00
2023-02-02 00:00:00, ['lamb', 'pork', 'couscous', 'jalapenoFeta'], 8240, 2023-02-05 00:00:00
2023-02-03 00:00:00, ['chicken', 'lamb', 'smallTomatoes', 'pickledOnions', 'peppers', 'hummus', 'spicyHummus', 'harrisaYogurt'], 7010, 2023-02-06 00:00:00
2023-02-04 00:00:00, ['lamb', 'falafel', 'beef', 'onions', 'pitaChips', 'cauliflower', 'greekVinaigrette'], 9680, 2023-02-07 00:00:00
2023-02-06 00:00:00, ['shreddedLettuce', 'spinach', 'whiteRice', 'lamb', 'pork', 'bigTomatoes', 'vegetableMedley', 'olives', 'hummus', 'tzatziki'], 10235, 2023-02-09 00:00:00
2023-02-07 00:00:00, ['brownRice', 'chicken', 'lamb', 'cucumbers', 'yogurtDill'], 5755, 2023-02-10 00:00:00
2023-02-08 00:00:00, ['lamb', 'falafel', 'beef', 'couscous', 'redCabbageSlaw', 'hummus', 'jalapenoFeta', 'harrisaYogurt'], 10065, 2023-02-11 00:00:00
2023-02-09 00:00:00, ['chicken', 'lamb', 'pork', 'pitaChips', 'pickledOnions', 'spicyHummus', 'greekVinaigrette'], 9615, 2023-02-12 00:00:00
2023-02-10 00:00:00, ['lamb', 'beef', 'smallTomatoes', 'cauliflower', 'peppers', 'hummus'], 7725, 2023-02-13 00:00:00
2023-02-11 00:00:00, ['lamb', 'falafel', 'onions', 'bigTomatoes', 'olives', 'tzatziki'], 6685, 2023-02-14 00:00:00
2023-02-13 00:00:00, ['chicken', 'lamb', 'pork', 'vegetableMedley', 'hummus', 'harrisaYogurt', 'yogurtDill', 'bowls', 'bowlLids', 'utensilPacks'], 10515, 2023-02-16 00:00:00
2023-02-14 00:00:00, ['shreddedLettuce', 'spinach', 'lamb', 'beef', 'couscous', 'pitaChips', 'cucumbers', 'redCabbageSlaw', 'jalapenoFeta'], 9890, 2023-02-17 00:00:00
2023-02-15 00:00:00, ['lamb', 'falafel', 'pork', 'hummus', 'spicyHummus', 'greekVinaigrette'], 8970, 2023-02-18 00:00:00
2023-02-16 00:00:00, ['chicken', 'lamb', 'smallTomatoes', 'pickledOnions'], 5620, 2023-02-19 00:00:00
2023-02-17 00:00:00, ['lamb', 'beef', 'bigTomatoes', 'olives', 'peppers', 'hummus', 'tzatziki', 'harrisaYogurt', 'yogurtDill'], 9235, 2023-02-20 00:00:00
2023-02-18 00:00:00, ['chicken', 'lamb', 'falafel', 'pork', 'onions', 'pitaChips', 'cauliflower'], 10910, 2023-02-21 00:00:00
2023-02-20 00:00:00, ['lamb', 'beef', 'couscous', 'vegetableMedley', 'cucumbers', 'redCabbageSlaw', 'hummus', 'spicyHummus', 'jalapenoFeta', 'greekVinaigrette'], 9185, 2023-02-23 00:00:00
2023-02-21 00:00:00, ['lamb', 'tahini'], 4020, 2023-02-24 00:00:00
2023-02-22 00:00:00, ['shreddedLettuce', 'spinach', 'chicken', 'lamb', 'falafel', 'pork', 'smallTomatoes', 'pitaChips', 'pickledOnions', 'hummus', 'tzatziki', 'yogurtDill'], 12980, 2023-02-25 00:00:00
2023-02-23 00:00:00, ['lamb', 'beef', 'bigTomatoes', 'peppers', 'harrisaYogurt', 'cupDrink'], 8525, 2023-02-26 00:00:00
2023-02-24 00:00:00, ['lamb', 'falafel', 'pork', 'olives', 'cauliflower', 'hummus'], 8245, 2023-02-27 00:00:00
2023-02-25 00:00:00, ['chicken', 'lamb', 'couscous', 'onions', 'vegetableMedley', 'cucumbers', 'redCabbageSlaw', 'spicyHummus', 'jalapenoFeta', 'greekVinaigrette', 'straws', 'cupLids'], 8085, 2023-02-28 00:00:00
2023-02-27 00:00:00, ['lamb', 'beef', 'pitaChips', 'hummus'], 7990, 2023-03-02 00:00:00
2023-02-28 00:00:00, ['chicken', 'lamb', 'falafel', 'pork', 'smallTomatoes', 'tzatziki', 'yogurtDill', 'cupWater'], 11305, 2023-03-03 00:00:00
